student_id,first_name,last_name,address,email_id,phone_number,semester
100001,James,Butt,6649 N Blue Gum St,jbutt@gmail.com,5046218927,1
100002,Josephine,Darakjy,4 B Blue Ridge Blvd,josephine_darakjy@darakjy.org,8102929388,4
100003,Art,Venere,8 W Cerritos Ave #54,art@venere.org,8566368749,4
100004,Lenna,Paprocki,639 Main St,lpaprocki@hotmail.com,9073854412,2
100005,Donette,Foller,34 Center St,donette.foller@cox.net,5135701893,3
100006,Simona,Morasca,3 Mcauley Dr,simona@morasca.com,4195032484,3
100007,Mitsue,Tollner,7 Eads St,mitsue_tollner@yahoo.com,7735736914,2
100008,Leota,Dilliard,7 W Jackson Blvd,leota@hotmail.com,4087523500,3
100009,Sage,Wieser,5 Boston Ave #88,sage_wieser@cox.net,6054142147,3
100010,Kris,Marrier,228 Runamuck Pl #2808,kris@gmail.com,4106558723,4
100011,Minna,Amigon,2371 Jerrold Ave,minna_amigon@yahoo.com,2158741229,2
100012,Abel,Maclead,37275 St  Rt 17m M,amaclead@gmail.com,6313353414,1
100013,Kiley,Caldarera,25 E 75th St #69,kiley.caldarera@aol.com,3104985651,2
100014,Graciela,Ruta,98 Connecticut Ave Nw,gruta@cox.net,4407808425,2
100015,Cammy,Albares,56 E Morehead St,calbares@gmail.com,9565376195,2
100016,Mattie,Poquette,73 State Road 434 E,mattie@aol.com,6022774385,1
100017,Meaghan,Garufi,69734 E Carrillo St,meaghan@hotmail.com,9313139635,2
100018,Gladys,Rim,322 New Horizon Blvd,gladys.rim@rim.org,4146619598,4
100019,Yuki,Whobrey,1 State Route 27,yuki_whobrey@aol.com,3132887937,1
100020,Fletcher,Flosi,394 Manchester Blvd,fletcher.flosi@yahoo.com,8158282147,3
100021,Bette,Nicka,6 S 33rd St,bette_nicka@cox.net,6105453615,1
100022,Veronika,Inouye,6 Greenleaf Ave,vinouye@aol.com,4085401785,1
100023,Willard,Kolmetz,618 W Yakima Ave,willard@hotmail.com,9723039197,4
100024,Maryann,Royster,74 S Westgate St,mroyster@royster.com,5189667987,4
100025,Alisha,Slusarski,3273 State St,alisha@slusarski.com,7326583154,3
100026,Allene,Iturbide,1 Central Ave,allene_iturbide@cox.net,7156626764,4
100027,Chanel,Caudy,86 Nw 66th St #8673,chanel.caudy@caudy.org,9133882079,4
100028,Ezekiel,Chui,2 Cedar Ave #84,ezekiel@chui.com,4106691642,2
100029,Willow,Kusko,90991 Thorburn Ave,wkusko@yahoo.com,2125824976,2
100030,Bernardo,Figeroa,386 9th Ave N,bfigeroa@aol.com,9363363951,4
100031,Ammie,Corrio,74874 Atlantic Ave,ammie@corrio.com,6148019788,3
100032,Francine,Vocelka,366 South Dr,francine_vocelka@vocelka.com,5059773911,4
100033,Ernie,Stenseth,45 E Liberty St,ernie_stenseth@aol.com,2017096245,4
100034,Albina,Glick,4 Ralph Ct,albina@glick.com,7329247882,2
100035,Alishia,Sergi,2742 Distribution Way,asergi@gmail.com,2128601579,3
100036,Solange,Shinko,426 Wolf St,solange@shinko.com,5049799175,3
100037,Jose,Stockham,128 Bransten Rd,jose@yahoo.com,2126758570,4
100038,Rozella,Ostrosky,17 Morena Blvd,rozella.ostrosky@ostrosky.com,8058326163,4
100039,Valentine,Gillian,775 W 17th St,valentine_gillian@gmail.com,2108129597,4
100040,Kati,Rulapaugh,6980 Dorsett Rd,kati.rulapaugh@hotmail.com,7854637829,2
100041,Youlanda,Schemmer,2881 Lewis Rd,youlanda@aol.com,5415488197,1
100042,Dyan,Oldroyd,7219 Woodfield Rd,doldroyd@aol.com,9134134604,1
100043,Roxane,Campain,1048 Main St,roxane@hotmail.com,9072314722,1
100044,Lavera,Perin,678 3rd Ave,lperin@perin.org,3056067291,1
100045,Erick,Ferencz,20 S Babcock St,erick.ferencz@aol.com,9077411044,4
100046,Fatima,Saylors,2 Lighthouse Ave,fsaylors@saylors.org,9527682416,2
100047,Jina,Briddick,38938 Park Blvd,jina_briddick@briddick.com,6173995124,4
100048,Kanisha,Waycott,5 Tomahawk Dr,kanisha_waycott@yahoo.com,3234532780,4
100049,Emerson,Bowley,762 S Main St,emerson.bowley@bowley.org,6083367444,4
100050,Blair,Malet,209 Decker Dr,bmalet@yahoo.com,2159079111,1
100051,Brock,Bolognia,4486 W O St #1,bbolognia@yahoo.com,2124029216,1
100052,Lorrie,Nestle,39 S 7th St,lnestle@hotmail.com,9318756644,4
100053,Sabra,Uyetake,98839 Hawthorne Blvd #6101,sabra@uyetake.org,8039255213,1
100054,Marjory,Mastella,71 San Mateo Ave,mmastella@mastella.com,6108145533,3
100055,Karl,Klonowski,76 Brooks St #9,karl_klonowski@yahoo.com,9088776135,4
100056,Tonette,Wenner,4545 Courthouse Rd,twenner@aol.com,5169686051,1
100057,Amber,Monarrez,14288 Foster Ave #4121,amber_monarrez@monarrez.org,2159348655,4
100058,Shenika,Seewald,4 Otis St,shenika@gmail.com,8184234007,4
100059,Delmy,Ahle,65895 S 16th St,delmy.ahle@hotmail.com,4014582547,3
100060,Deeanna,Juhas,14302 Pennsylvania Ave,deeanna_juhas@gmail.com,2152119589,2
100061,Blondell,Pugh,201 Hawk Ct,bpugh@aol.com,4019608259,4
100062,Jamal,Vanausdal,53075 Sw 152nd Ter #615,jamal@vanausdal.org,7322341546,3
100063,Cecily,Hollack,59 N Groesbeck Hwy,cecily@hollack.org,5124863817,4
100064,Carmelina,Lindall,2664 Lewis Rd,carmelina_lindall@lindall.com,3037247371,2
100065,Maurine,Yglesias,59 Shady Ln #53,maurine_yglesias@yglesias.com,4147481374,3
100066,Tawna,Buvens,3305 Nabell Ave #679,tawna@gmail.com,2126749610,3
100067,Penney,Weight,18 Fountain St,penney_weight@aol.com,9077979628,1
100068,Elly,Morocco,7 W 32nd St,elly_morocco@gmail.com,8143935571,4
100069,Ilene,Eroman,2853 S Central Expy,ilene.eroman@hotmail.com,4109149018,2
100070,Vallie,Mondella,74 W College St,vmondella@mondella.com,2088625339,1
100071,Kallie,Blackwood,701 S Harrison Rd,kallie.blackwood@gmail.com,4153152761,4
100072,Johnetta,Abdallah,1088 Pinehurst St,johnetta_abdallah@aol.com,9192259345,2
100073,Bobbye,Rhym,30 W 80th St #1995,brhym@rhym.com,6505285783,3
100074,Micaela,Rhymes,20932 Hedley St,micaela_rhymes@gmail.com,9256473298,1
100075,Tamar,Hoogland,2737 Pistorio Rd #9230,tamar@hotmail.com,7403438575,4
100076,Moon,Parlato,74989 Brandon St,moon@yahoo.com,5858668313,1
100077,Laurel,Reitler,6 Kains Ave,laurel_reitler@reitler.com,4105204832,4
100078,Delisa,Crupi,47565 W Grand Ave,delisa.crupi@crupi.com,9733542040,4
100079,Viva,Toelkes,4284 Dorigo Ln,viva.toelkes@gmail.com,7734465569,1
100080,Elza,Lipke,6794 Lake Dr E,elza@yahoo.com,9739273447,2
100081,Devorah,Chickering,31 Douglas Blvd #950,devorah@hotmail.com,5059758559,4
100082,Timothy,Mulqueen,44 W 4th St,timothy_mulqueen@mulqueen.org,7183326527,2
100083,Arlette,Honeywell,11279 Loytan St,ahoneywell@honeywell.com,9047754480,4
100084,Dominque,Dickerson,69 Marquette Ave,dominque.dickerson@dickerson.org,5109933758,2
100085,Lettie,Isenhower,70 W Main St,lettie_isenhower@yahoo.com,2166577668,3
100086,Myra,Munns,461 Prospect Pl #316,mmunns@cox.net,8179147518,2
100087,Stephaine,Barfield,47154 Whipple Ave Nw,stephaine@barfield.com,3107747643,2
100088,Lai,Gato,37 Alabama Ave,lai.gato@gato.org,8477287286,2
100089,Stephen,Emigh,3777 E Richmond St #900,stephen_emigh@hotmail.com,3305375358,4
100090,Tyra,Shields,3 Fort Worth Ave,tshields@gmail.com,2152551641,4
100091,Tammara,Wardrip,4800 Black Horse Pike,twardrip@cox.net,6508031936,2
100092,Cory,Gibes,83649 W Belmont Ave,cory.gibes@gmail.com,6265721096,2
100093,Danica,Bruschke,840 15th Ave,danica_bruschke@gmail.com,2547828569,3
100094,Wilda,Giguere,1747 Calle Amanecer #2,wilda@cox.net,9078705536,3
100095,Elvera,Benimadho,99385 Charity St #840,elvera.benimadho@cox.net,4087038505,2
100096,Carma,Vanheusen,68556 Central Hwy,carma@cox.net,5105037169,2
100097,Malinda,Hochard,55 Riverside Ave,malinda.hochard@yahoo.com,3177225066,2
100098,Natalie,Fern,7140 University Ave,natalie.fern@hotmail.com,3077048713,3
100099,Lisha,Centini,64 5th Ave #1153,lisha@centini.org,7032353937,1
100100,Arlene,Klusman,3 Secor Rd,arlene_klusman@gmail.com,5047105840,2
100101,Alease,Buemi,4 Webbs Chapel Rd,alease@buemi.com,3033014946,1
100102,Louisa,Cronauer,524 Louisiana Ave Nw,louisa@cronauer.com,5108287047,2
100103,Angella,Cetta,185 Blackstone Bldge,angella.cetta@hotmail.com,8088927943,1
100104,Cyndy,Goldammer,170 Wyoming Ave,cgoldammer@cox.net,9523349408,2
100105,Rosio,Cork,4 10th St W,rosio.cork@gmail.com,3362435659,2
100106,Celeste,Korando,7 W Pinhook Rd,ckorando@hotmail.com,5165092347,3
100107,Twana,Felger,1 Commerce Way,twana.felger@felger.org,5039393153,3
100108,Estrella,Samu,64 Lakeview Ave,estrella@aol.com,6089767199,4
100109,Donte,Kines,3 Aspen St,dkines@hotmail.com,5084298576,2
100110,Tiffiny,Steffensmeier,32860 Sierra Rd,tiffiny_steffensmeier@cox.net,3053859695,4
100111,Edna,Miceli,555 Main St,emiceli@miceli.org,8144602655,1
100112,Sue,Kownacki,2 Se 3rd Ave,sue@aol.com,9726663413,2
100113,Jesusa,Shin,2239 Shawnee Mission Pky,jshin@shin.com,9312738709,4
100114,Rolland,Francescon,2726 Charcot Ave,rolland@cox.net,9736492922,4
100115,Pamella,Schmierer,5161 Dorsett Rd,pamella.schmierer@schmierer.org,3054208970,4
100116,Glory,Kulzer,55892 Jacksonville Rd,gkulzer@kulzer.org,4102249462,4
100117,Shawna,Palaspas,5 N Cleveland Massillon Rd,shawna_palaspas@palaspas.org,8052753566,4
100118,Brandon,Callaro,7 Benton Dr,brandon_callaro@hotmail.com,8082156832,2
100119,Scarlet,Cartan,9390 S Howell Ave,scarlet.cartan@yahoo.com,2297353378,3
100120,Oretha,Menter,8 County Center Dr #647,oretha_menter@yahoo.com,6174185043,3
100121,Ty,Smith,4646 Kaahumanu St,tsmith@aol.com,2016721553,3
100122,Xuan,Rochin,2 Monroe St,xuan@gmail.com,6509335072,1
100123,Lindsey,Dilello,52777 Leaders Heights Rd,lindsey.dilello@hotmail.com,9096399887,3
100124,Devora,Perez,72868 Blackington Ave,devora_perez@perez.org,5109553016,2
100125,Herman,Demesa,9 Norristown Rd,hdemesa@cox.net,5184972940,4
100126,Rory,Papasergi,83 County Road 437 #8581,rpapasergi@cox.net,5708677489,1
100127,Talia,Riopelle,1 N Harlem Ave #9,talia_riopelle@aol.com,9732452133,2
100128,Van,Shire,90131 J St,van.shire@shire.com,9084092890,3
100129,Lucina,Lary,8597 W National Ave,lucina_lary@cox.net,3217494981,2
100130,Bok,Isaacs,6 Gilson St,bok.isaacs@aol.com,7188093762,4
100131,Rolande,Spickerman,65 W Maple Ave,rolande.spickerman@spickerman.com,8083153077,4
100132,Howard,Paulas,866 34th Ave,hpaulas@gmail.com,3036234241,1
100133,Kimbery,Madarang,798 Lund Farm Way,kimbery_madarang@cox.net,9733101634,1
100134,Thurman,Manno,9387 Charcot Ave,thurman.manno@yahoo.com,6095243586,2
100135,Becky,Mirafuentes,30553 Washington Rd,becky.mirafuentes@mirafuentes.com,9088778409,3
100136,Beatriz,Corrington,481 W Lemon St,beatriz@yahoo.com,5085844279,3
100137,Marti,Maybury,4 Warehouse Point Rd #7,marti.maybury@yahoo.com,7737754522,4
100138,Nieves,Gotter,4940 Pulaski Park Dr,nieves_gotter@gmail.com,5035275274,4
100139,Leatha,Hagele,627 Walford Ave,lhagele@cox.net,2143391809,1
100140,Valentin,Klimek,137 Pioneer Way,vklimek@klimek.org,3123035453,4
100141,Melissa,Wiklund,61 13 Stoneridge #835,melissa@cox.net,4199393613,2
100142,Sheridan,Zane,2409 Alabama Rd,sheridan.zane@zane.com,9516453605,4
100143,Bulah,Padilla,8927 Vandever Ave,bulah_padilla@hotmail.com,2544634368,1
100144,Audra,Kohnert,134 Lewis Rd,audra@kohnert.com,6154067854,3
100145,Daren,Weirather,9 N College Ave #3,dweirather@aol.com,4149592540,4
100146,Fernanda,Jillson,60480 Old Us Highway 51,fjillson@aol.com,4103875260,3
100147,Gearldine,Gellinger,4 Bloomfield Ave,gearldine_gellinger@gellinger.com,9729346914,1
100148,Chau,Kitzman,429 Tiger Ln,chau@gmail.com,3105608022,3
100149,Theola,Frey,54169 N Main St,theola_frey@frey.com,5169485768,1
100150,Cheryl,Haroldson,92 Main St,cheryl@haroldson.org,6095187697,4
100151,Laticia,Merced,72 Mannix Dr,lmerced@gmail.com,5135087371,3
100152,Carissa,Batman,12270 Caton Center Dr,carissa.batman@yahoo.com,5413264074,1
100153,Lezlie,Craghead,749 W 18th St #45,lezlie.craghead@craghead.org,9195333762,4
100154,Ozell,Shealy,8 Industry Ln,oshealy@hotmail.com,2123328435,3
100155,Arminda,Parvis,1 Huntwood Ave,arminda@parvis.com,6029069419,1
100156,Reita,Leto,55262 N French Rd,reita.leto@gmail.com,3172341135,4
100157,Yolando,Luczki,422 E 21st St,yolando@cox.net,3153044759,4
100158,Lizette,Stem,501 N 19th Ave,lizette.stem@aol.com,8564875412,1
100159,Gregoria,Pawlowicz,455 N Main Ave,gpawlowicz@yahoo.com,5162121915,3
100160,Carin,Deleo,1844 Southern Blvd,cdeleo@deleo.com,5013081040,1
100161,Chantell,Maynerich,2023 Greg St,chantell@yahoo.com,6515912583,3
100162,Dierdre,Yum,63381 Jenks Ave,dyum@yahoo.com,2153253042,2
100163,Larae,Gudroe,6651 Municipal Rd,larae_gudroe@gmail.com,9858907262,4
100164,Latrice,Tolfree,81 Norris Ave #525,latrice.tolfree@hotmail.com,6319577624,1
100165,Kerry,Theodorov,6916 W Main St,kerry.theodorov@gmail.com,9165913277,3
100166,Dorthy,Hidvegi,9635 S Main St,dhidvegi@yahoo.com,2086492373,3
100167,Fannie,Lungren,17 Us Highway 111,fannie.lungren@yahoo.com,5125875746,4
100168,Evangelina,Radde,992 Civic Center Dr,evangelina@aol.com,2159643284,2
100169,Novella,Degroot,303 N Radcliffe St,novella_degroot@degroot.org,8084774775,4
100170,Clay,Hoa,73 Saint Ann St #86,choa@hoa.org,7755018109,2
100171,Jennifer,Fallick,44 58th St,jfallick@yahoo.com,8479799545,1
100172,Irma,Wolfgramm,9745 W Main St,irma.wolfgramm@hotmail.com,9735457355,3
100173,Eun,Coody,84 Bloomfield Ave,eun@yahoo.com,8642563620,1
100174,Sylvia,Cousey,287 Youngstown Warren Rd,sylvia_cousey@cousey.org,4102099545,1
100175,Nana,Wrinkles,6 Van Buren St,nana@aol.com,9148552115,3
100176,Layla,Springe,229 N Forty Driv,layla.springe@cox.net,2122603151,3
100177,Joesph,Degonia,2887 Knowlton St #5435,joesph_degonia@degonia.org,5106779785,2
100178,Annabelle,Boord,523 Marquette Ave,annabelle.boord@cox.net,9786976263,2
100179,Stephaine,Vinning,3717 Hamann Industrial Pky,stephaine@cox.net,4157676596,4
100180,Nelida,Sawchuk,3 State Route 35 S,nelida@gmail.com,2019711638,2
100181,Marguerita,Hiatt,82 N Highway 67,marguerita.hiatt@gmail.com,9256347158,2
100182,Carmela,Cookey,9 Murfreesboro Rd,ccookey@cookey.org,7734944195,2
100183,Junita,Brideau,6 S Broadway St,jbrideau@aol.com,9739433423,4
100184,Claribel,Varriano,6 Harry L Dr #6327,claribel_varriano@cox.net,4195444900,4
100185,Benton,Skursky,47939 Porter Ave,benton.skursky@aol.com,3105792907,2
100186,Hillary,Skulski,9 Wales Rd Ne #914,hillary.skulski@aol.com,3522422570,4
100187,Merilyn,Bayless,195 13n N,merilyn_bayless@cox.net,4087585015,2
100188,Teri,Ennaco,99 Tank Farm Rd,tennaco@gmail.com,5708895187,2
100189,Merlyn,Lawler,4671 Alemany Blvd,merlyn_lawler@hotmail.com,2015887810,2
100190,Georgene,Montezuma,98 University Dr,gmontezuma@cox.net,9256155185,2
100191,Jettie,Mconnell,50 E Wacker Dr,jmconnell@hotmail.com,9088023564,4
100192,Lemuel,Latzke,70 Euclid Ave #722,lemuel.latzke@gmail.com,6317486479,3
100193,Melodie,Knipp,326 E Main St #6496,mknipp@gmail.com,8056901682,2
100194,Candida,Corbley,406 Main St,candida_corbley@hotmail.com,9082758357,2
100195,Karan,Karpin,3 Elmwood Dr,karan_karpin@gmail.com,5039408327,3
100196,Andra,Scheyer,9 Church St,andra@gmail.com,5035162189,1
100197,Felicidad,Poullion,9939 N 14th St,fpoullion@poullion.com,8563059731,4
100198,Belen,Strassner,5384 Southwyck Blvd,belen_strassner@aol.com,7705078791,2
100199,Gracia,Melnyk,97 Airport Loop Dr,gracia@melnyk.com,9042353633,2
100200,Jolanda,Hanafan,37855 Nolan Rd,jhanafan@gmail.com,2074589196,1
100201,Barrett,Toyama,4252 N Washington Ave #9,barrett.toyama@toyama.org,8177655781,3
100202,Helga,Fredicks,42754 S Ash Ave,helga_fredicks@yahoo.com,7167524114,2
100203,Ashlyn,Pinilla,703 Beville Rd,apinilla@cox.net,3056709628,1
100204,Fausto,Agramonte,5 Harrison Rd,fausto_agramonte@yahoo.com,2123131783,4
100205,Ronny,Caiafa,73 Southern Blvd,ronny.caiafa@caiafa.org,2156057570,3
100206,Marge,Limmel,189 Village Park Rd,marge@gmail.com,8504301663,1
100207,Norah,Waymire,6 Middlegate Rd #106,norah.waymire@gmail.com,4153067897,3
100208,Aliza,Baltimore,1128 Delaware St,aliza@aol.com,4085043552,2
100209,Mozell,Pelkowski,577 Parade St,mpelkowski@pelkowski.org,6509471215,1
100210,Viola,Bitsuie,70 Mechanic St,viola@gmail.com,8188644875,1
100211,Franklyn,Emard,4379 Highway 116,femard@emard.com,2155588189,1
100212,Willodean,Konopacki,55 Hawthorne Blvd,willodean_konopacki@konopacki.org,3372538384,2
100213,Beckie,Silvestrini,7116 Western Ave,beckie.silvestrini@silvestrini.com,3135334884,3
100214,Rebecka,Gesick,2026 N Plankinton Ave #3,rgesick@gesick.org,5122138574,2
100215,Frederica,Blunk,99586 Main St,frederica_blunk@gmail.com,2144282285,4
100216,Glen,Bartolet,8739 Hudson St,glen_bartolet@hotmail.com,2066975796,3
100217,Freeman,Gochal,383 Gunderman Rd #197,freeman_gochal@aol.com,6104763501,1
100218,Vincent,Meinerding,4441 Point Term Mkt,vincent.meinerding@hotmail.com,2153721718,1
100219,Rima,Bevelacqua,2972 Lafayette Ave,rima@cox.net,3108585079,2
100220,Glendora,Sarbacher,2140 Diamond Blvd,gsarbacher@gmail.com,7076538214,2
100221,Avery,Steier,93 Redmond Rd #492,avery@cox.net,4078089439,2
100222,Cristy,Lother,3989 Portage Tr,cristy@lother.com,7609714322,1
100223,Nicolette,Brossart,1 Midway Rd,nicolette_brossart@brossart.com,5088379230,1
100224,Tracey,Modzelewski,77132 Coon Rapids Blvd Nw,tracey@hotmail.com,9362649294,3
100225,Virgina,Tegarden,755 Harbor Way,virgina_tegarden@tegarden.com,4142148697,4
100226,Tiera,Frankel,87 Sierra Rd,tfrankel@aol.com,6266364117,1
100227,Alaine,Bergesen,7667 S Hulen St #42,alaine_bergesen@cox.net,9143009193,4
100228,Earleen,Mai,75684 S Withlapopka Dr #32,earleen_mai@cox.net,2142891973,1
100229,Leonida,Gobern,5 Elmwood Park Blvd,leonida@gobern.org,2282355615,1
100230,Ressie,Auffrey,23 Palo Alto Sq,ressie.auffrey@yahoo.com,3056048981,4
100231,Justine,Mugnolo,38062 E Main St,jmugnolo@yahoo.com,2123049225,3
100232,Eladia,Saulter,3958 S Dupont Hwy #7,eladia@saulter.com,2014744924,2
100233,Chaya,Malvin,560 Civic Center Dr,chaya@malvin.com,7349285182,2
100234,Gwenn,Suffield,3270 Dequindre Rd,gwenn_suffield@suffield.org,6312586558,4
100235,Salena,Karpel,1 Garfield Ave #7,skarpel@cox.net,3307918557,1
100236,Yoko,Fishburne,9122 Carpenter Ave,yoko@fishburne.com,2035064706,3
100237,Taryn,Moyd,48 Lenox St,taryn.moyd@hotmail.com,7033224041,1
100238,Katina,Polidori,5 Little River Tpke,katina_polidori@aol.com,9786262978,2
100239,Rickie,Plumer,3 N Groesbeck Hwy,rickie.plumer@aol.com,4196931334,4
100240,Alex,Loader,37 N Elm St #916,alex@loader.com,2536607821,1
100241,Lashon,Vizarro,433 Westminster Blvd #590,lashon@aol.com,9167417884,3
100242,Lauran,Burnard,66697 Park Pl #3224,lburnard@burnard.com,3073427795,4
100243,Ceola,Setter,96263 Greenwood Pl,ceola.setter@setter.org,2076277565,4
100244,My,Rantanen,8 Mcarthur Ln,my@hotmail.com,2154915633,1
100245,Lorrine,Worlds,8 Fair Lawn Ave,lorrine.worlds@worlds.com,8137692939,2
100246,Peggie,Sturiale,9 N 14th St,peggie@cox.net,6196081763,1
100247,Marvel,Raymo,9 Vanowen St,mraymo@yahoo.com,9797188968,2
100248,Daron,Dinos,18 Waterloo Geneva Rd,daron_dinos@cox.net,8472333075,3
100249,An,Fritz,506 S Hacienda Dr,an_fritz@hotmail.com,6092285265,1
100250,Portia,Stimmel,3732 Sherman Ave,portia.stimmel@aol.com,9087227128,4
100251,Rhea,Aredondo,25657 Live Oak St,rhea_aredondo@cox.net,7185609537,3
100252,Benedict,Sama,4923 Carey Ave,bsama@cox.net,3147871588,1
100253,Alyce,Arias,3196 S Rider Trl,alyce@arias.org,2093171801,2
100254,Heike,Berganza,3 Railway Ave #75,heike@gmail.com,9739365095,1
100255,Carey,Dopico,87393 E Highland Rd,carey_dopico@dopico.org,3175782453,1
100256,Dottie,Hellickson,67 E Chestnut Hill Rd,dottie@hellickson.org,2065406076,1
100257,Deandrea,Hughey,33 Lewis Rd #46,deandrea@yahoo.com,3368227652,4
100258,Kimberlie,Duenas,8100 Jacksonville Rd #7,kimberlie_duenas@yahoo.com,7856298542,4
100259,Martina,Staback,7 W Wabansia Ave #227,martina_staback@staback.com,4074716908,3
100260,Skye,Fillingim,25 Minters Chapel Rd #9,skye_fillingim@yahoo.com,6125082655,3
100261,Jade,Farrar,6882 Torresdale Ave,jade.farrar@yahoo.com,8033525387,4
100262,Charlene,Hamilton,985 E 6th Ave,charlene.hamilton@hotmail.com,7073001771,3
100263,Geoffrey,Acey,7 West Ave #1,geoffrey@gmail.com,8472221734,3
100264,Stevie,Westerbeck,26659 N 13th St,stevie.westerbeck@yahoo.com,9498674077,1
100265,Pamella,Fortino,669 Packerland Dr #1438,pamella@fortino.com,3034042210,2
100266,Harrison,Haufler,759 Eldora St,hhaufler@hotmail.com,2038016193,2
100267,Johnna,Engelberg,5 S Colorado Blvd #449,jengelberg@engelberg.org,4259867573,4
100268,Buddy,Cloney,944 Gaither Dr,buddy.cloney@yahoo.com,4409895826,1
100269,Dalene,Riden,66552 Malone Rd,dalene.riden@aol.com,6033156839,3
100270,Jerry,Zurcher,77 Massillon Rd #822,jzurcher@zurcher.org,3215185938,4
100271,Haydee,Denooyer,25346 New Rd,hdenooyer@denooyer.org,2127928658,4
100272,Joseph,Cryer,60 Fillmore Ave,joseph_cryer@cox.net,7145842237,4
100273,Deonna,Kippley,57 Haven Ave #90,deonna_kippley@hotmail.com,2489134677,4
100274,Raymon,Calvaresi,6538 E Pomona St #60,raymon.calvaresi@gmail.com,3178254724,2
100275,Alecia,Bubash,6535 Joyce St,alecia@aol.com,9402767922,4
100276,Ma,Layous,78112 Morris Ave,mlayous@hotmail.com,2037213388,1
100277,Detra,Coyier,96950 Hidden Ln,detra@aol.com,4107399277,1
100278,Terrilyn,Rodeigues,3718 S Main St,terrilyn.rodeigues@cox.net,5044634384,3
100279,Salome,Lacovara,9677 Commerce Dr,slacovara@gmail.com,8045505097,1
100280,Garry,Keetch,5 Green Pond Rd #4,garry_keetch@hotmail.com,2159798776,4
100281,Matthew,Neither,636 Commerce Dr #42,mneither@yahoo.com,9526517597,3
100282,Theodora,Restrepo,42744 Hamann Industrial Pky #82,theodora.restrepo@restrepo.com,3059368226,1
100283,Noah,Kalafatis,1950 5th Ave,noah.kalafatis@aol.com,4142635287,4
100284,Carmen,Sweigard,61304 N French Rd,csweigard@sweigard.com,7329412621,1
100285,Lavonda,Hengel,87 Imperial Ct #79,lavonda@cox.net,7018982154,2
100286,Junita,Stoltzman,94 W Dodge Rd,junita@aol.com,7756389963,1
100287,Herminia,Nicolozakes,4 58th St #3519,herminia@nicolozakes.org,6029545141,1
100288,Casie,Good,5221 Bear Valley Rd,casie.good@aol.com,6153902251,3
100289,Reena,Maisto,9648 S Main,reena@hotmail.com,4103511863,3
100290,Mirta,Mallett,7 S San Marcos Rd,mirta_mallett@gmail.com,2128701286,1
100291,Cathrine,Pontoriero,812 S Haven St,cathrine.pontoriero@pontoriero.com,8067031435,4
100292,Filiberto,Tawil,3882 W Congress St #799,ftawil@hotmail.com,3237652528,2
100293,Raul,Upthegrove,4 E Colonial Dr,rupthegrove@yahoo.com,6195095282,3
100294,Sarah,Candlish,45 2nd Ave #9759,sarah.candlish@gmail.com,7707321194,2
100295,Lucy,Treston,57254 Brickell Ave #372,lucy@cox.net,5087695250,4
100296,Judy,Aquas,8977 Connecticut Ave Nw #3,jaquas@aquas.com,2697567222,1
100297,Yvonne,Tjepkema,9 Waydell St,yvonne.tjepkema@hotmail.com,9737141721,3
100298,Kayleigh,Lace,43 Huey P Long Ave,kayleigh.lace@yahoo.com,3377409323,4
100299,Felix,Hirpara,7563 Cornwall Rd #4462,felix_hirpara@cox.net,7174915643,2
100300,Tresa,Sweely,22 Bridle Ln,tresa_sweely@hotmail.com,3143599566,3
100301,Kristeen,Turinetti,70099 E North Ave,kristeen@gmail.com,8172138851,4
100302,Jenelle,Regusters,3211 E Northeast Loop,jregusters@regusters.com,8139328715,3
100303,Renea,Monterrubio,26 Montgomery St,renea@hotmail.com,7706794752,3
100304,Olive,Matuszak,13252 Lighthouse Ave,olive@aol.com,7609386069,4
100305,Ligia,Reiber,206 Main St #2804,lreiber@cox.net,5179061108,1
100306,Christiane,Eschberger,96541 W Central Blvd,christiane.eschberger@yahoo.com,6023904944,3
100307,Goldie,Schirpke,34 Saint George Ave #2,goldie.schirpke@yahoo.com,2072957569,3
100308,Loreta,Timenez,47857 Coney Island Ave,loreta.timenez@hotmail.com,3016966420,4
100309,Fabiola,Hauenstein,8573 Lincoln Blvd,fabiola.hauenstein@hauenstein.org,7178093119,4
100310,Amie,Perigo,596 Santa Maria Ave #7913,amie.perigo@yahoo.com,9724197946,1
100311,Raina,Brachle,3829 Ventura Blvd,raina.brachle@brachle.org,4063181515,2
100312,Erinn,Canlas,13 S Hacienda Dr,erinn.canlas@canlas.com,9737673008,1
100313,Cherry,Lietz,40 9th Ave Sw #91,cherry@lietz.com,2489806904,1
100314,Kattie,Vonasek,2845 Boulder Crescent St,kattie@vonasek.org,2169233715,3
100315,Lilli,Scriven,33 State St,lilli@aol.com,3256311560,3
100316,Whitley,Tomasulo,2 S 15th St,whitley.tomasulo@aol.com,8175264408,4
100317,Barbra,Adkin,4 Kohler Memorial Dr,badkin@hotmail.com,7182013751,2
100318,Hermila,Thyberg,1 Rancho Del Mar Shopping C,hermila_thyberg@hotmail.com,4018934882,1
100319,Jesusita,Flister,3943 N Highland Ave,jesusita.flister@hotmail.com,7178859118,2
100320,Caitlin,Julia,5 Williams St,caitlin.julia@julia.org,4019484982,3
100321,Roosevelt,Hoffis,60 Old Dover Rd,roosevelt.hoffis@aol.com,3056224739,3
100322,Helaine,Halter,8 Sheridan Rd,hhalter@yahoo.com,2018324168,1
100323,Lorean,Martabano,85092 Southern Blvd,lorean.martabano@hotmail.com,2108564979,4
100324,France,Buzick,64 Newman Springs Rd E,france.buzick@yahoo.com,7184788504,1
100325,Justine,Ferrario,48 Stratford Ave,jferrario@hotmail.com,9099933242,4
100326,Adelina,Nabours,80 Pittsford Victor Rd #9,adelina_nabours@gmail.com,2162304892,1
100327,Derick,Dhamer,87163 N Main Ave,ddhamer@cox.net,2123044515,2
100328,Jerry,Dallen,393 Lafayette Ave,jerry.dallen@yahoo.com,8047629576,3
100329,Leota,Ragel,99 5th Ave #33,leota.ragel@gmail.com,7062214243,2
100330,Jutta,Amyot,49 N Mays St,jamyot@hotmail.com,3375151438,3
100331,Aja,Gehrett,993 Washington Ave,aja_gehrett@hotmail.com,9735442677,3
100332,Kirk,Herritt,88 15th Ave Ne,kirk.herritt@aol.com,6074073716,3
100333,Leonora,Mauson,3381 E 40th Ave,leonora@yahoo.com,9734122995,1
100334,Winfred,Brucato,201 Ridgewood Rd,winfred_brucato@hotmail.com,2082524552,3
100335,Tarra,Nachor,39 Moccasin Dr,tarra.nachor@cox.net,4154111775,2
100336,Corinne,Loder,4 Carroll St,corinne@loder.org,5089424186,2
100337,Dulce,Labreche,9581 E Arapahoe Rd,dulce_labreche@yahoo.com,2483578718,3
100338,Kate,Keneipp,33 N Michigan Ave,kate_keneipp@yahoo.com,9203536377,4
100339,Kaitlyn,Ogg,2 S Biscayne Blvd,kaitlyn.ogg@gmail.com,4106654903,3
100340,Sherita,Saras,8 Us Highway 22,sherita.saras@cox.net,7196691664,3
100341,Lashawnda,Stuer,7422 Martin Ave #8,lstuer@cox.net,4195888719,2
100342,Ernest,Syrop,94 Chase Rd,ernest@cox.net,3019989644,4
100343,Nobuko,Halsey,8139 I Hwy 10 #92,nobuko.halsey@yahoo.com,5088559887,3
100344,Lavonna,Wolny,5 Cabot Rd,lavonna.wolny@hotmail.com,7034831970,3
100345,Lashaunda,Lizama,3387 Ryan Dr,llizama@cox.net,4106782473,2
100346,Mariann,Bilden,3125 Packer Ave #9851,mariann.bilden@aol.com,5122234791,2
100347,Helene,Rodenberger,347 Chestnut St,helene@aol.com,6234618551,1
100348,Roselle,Estell,8116 Mount Vernon Ave,roselle.estell@hotmail.com,4195715920,3
100349,Samira,Heintzman,8772 Old County Rd #5410,sheintzman@hotmail.com,2063114137,1
100350,Margart,Meisel,868 State St #38,margart_meisel@yahoo.com,5136172362,3
100351,Kristofer,Bennick,772 W River Dr,kristofer.bennick@yahoo.com,8123681511,1
100352,Weldon,Acuff,73 W Barstow Ave,wacuff@gmail.com,8473532156,3
100353,Shalon,Shadrick,61047 Mayfield Ave,shalon@cox.net,7182322337,2
100354,Denise,Patak,2139 Santa Rosa Ave,denise@patak.org,4074464358,3
100355,Louvenia,Beech,598 43rd St,louvenia.beech@beech.com,3108202117,1
100356,Audry,Yaw,70295 Pioneer Ct,audry.yaw@yaw.org,8137974816,3
100357,Kristel,Ehmann,92899 Kalakaua Ave,kristel.ehmann@aol.com,9154521290,3
100358,Vincenza,Zepp,395 S 6th St #2,vzepp@gmail.com,6196035125,1
100359,Elouise,Gwalthney,9506 Edgemore Ave,egwalthney@yahoo.com,3018415012,1
100360,Venita,Maillard,72119 S Walker Ave #63,venita_maillard@gmail.com,7145236653,1
100361,Kasandra,Semidey,369 Latham St #500,kasandra_semidey@semidey.com,3147329131,2
100362,Xochitl,Discipio,3158 Runamuck Pl,xdiscipio@gmail.com,5122331831,2
100363,Maile,Linahan,9 Plainsboro Rd #598,mlinahan@yahoo.com,3366702640,2
100364,Krissy,Rauser,8728 S Broad St,krauser@cox.net,6314434710,1
100365,Pete,Dubaldi,2215 Prosperity Dr,pdubaldi@hotmail.com,2018252514,4
100366,Linn,Paa,1 S Pine St,linn_paa@paa.com,9014124381,2
100367,Paris,Wide,187 Market St,paris@hotmail.com,4045054445,1
100368,Wynell,Dorshorst,94290 S Buchanan St,wynell_dorshorst@dorshorst.org,6504731262,2
100369,Quentin,Birkner,7061 N 2nd St,qbirkner@aol.com,9527027993,4
100370,Regenia,Kannady,10759 Main St,regenia.kannady@cox.net,4807261280,1
100371,Sheron,Louissant,97 E 3rd St #9,sheron@aol.com,7189768610,2
100372,Izetta,Funnell,82 Winsor St #54,izetta.funnell@hotmail.com,7708443447,2
100373,Rodolfo,Butzen,41 Steel Ct,rodolfo@hotmail.com,5072103510,3
100374,Zona,Colla,49440 Dearborn St,zona@hotmail.com,2034611949,1
100375,Serina,Zagen,7 S Beverly Dr,szagen@aol.com,2602733725,1
100376,Paz,Sahagun,919 Wall Blvd,paz_sahagun@cox.net,6019278287,4
100377,Markus,Lukasik,89 20th St E #779,markus@yahoo.com,5869707380,2
100378,Jaclyn,Bachman,721 Interstate 45 S,jaclyn@aol.com,7198533600,3
100379,Cyril,Daufeldt,3 Lawton St,cyril_daufeldt@daufeldt.com,2127458484,4
100380,Gayla,Schnitzler,38 Pleasant Hill Rd,gschnitzler@gmail.com,5106863407,3
100381,Erick,Nievas,45 E Acacia Ct,erick_nievas@aol.com,7737049903,2
100382,Jennie,Drymon,63728 Poway Rd #1,jennie@cox.net,5702184831,3
100383,Mitsue,Scipione,77 222 Dr,mscipione@scipione.com,5309869272,3
100384,Ciara,Ventura,53 W Carey St,cventura@yahoo.com,8458238877,4
100385,Galen,Cantres,617 Nw 36th Ave,galen@yahoo.com,2166006111,3
100386,Truman,Feichtner,539 Coldwater Canyon Ave,tfeichtner@yahoo.com,9738522736,2
100387,Gail,Kitty,735 Crawford Dr,gail@kitty.com,9074359166,2
100388,Dalene,Schoeneck,910 Rahway Ave,dalene@schoeneck.org,2152681275,1
100389,Gertude,Witten,7 Tarrytown Rd,gertude.witten@gmail.com,5139777043,2
100390,Lizbeth,Kohl,35433 Blake St #588,lizbeth@yahoo.com,3106991222,2
100391,Glenn,Berray,29 Cherry St #7073,gberray@gmail.com,5153707348,2
100392,Lashandra,Klang,810 N La Brea Ave,lashandra@yahoo.com,6108091818,3
100393,Lenna,Newville,987 Main St,lnewville@newville.com,9196232524,1
100394,Laurel,Pagliuca,36 Enterprise St Se,laurel@yahoo.com,5096955199,2
100395,Mireya,Frerking,8429 Miller Rd,mireya.frerking@hotmail.com,9148685965,4
100396,Annelle,Tagala,5 W 7th St,annelle@yahoo.com,4107571035,3
100397,Dean,Ketelsen,2 Flynn Rd,dean_ketelsen@gmail.com,5168474418,1
100398,Levi,Munis,2094 Ne 36th Ave,levi.munis@gmail.com,5084564907,2
100399,Sylvie,Ryser,649 Tulane Ave,sylvie@aol.com,9186449555,2
100400,Sharee,Maile,2094 Montour Blvd,sharee_maile@aol.com,2314679978,4
100401,Cordelia,Storment,393 Hammond Dr,cordelia_storment@aol.com,3375666001,4
100402,Mollie,Mcdoniel,8590 Lake Lizzie Dr,mollie_mcdoniel@yahoo.com,4199753182,4
100403,Brett,Mccullan,87895 Concord Rd,brett.mccullan@mccullan.com,6194619984,2
100404,Teddy,Pedrozo,46314 Route 130,teddy_pedrozo@aol.com,2038923863,4
100405,Tasia,Andreason,4 Cowesett Ave,tasia_andreason@yahoo.com,2019209002,1
100406,Hubert,Walthall,95 Main Ave #2,hubert@walthall.org,3309031345,2
100407,Arthur,Farrow,28 S 7th St #2824,arthur.farrow@yahoo.com,2012385688,1
100408,Vilma,Berlanga,79 S Howell Ave,vberlanga@berlanga.com,6167373085,4
100409,Billye,Miro,36 Lancaster Dr Se,billye_miro@cox.net,6015675386,1
100410,Glenna,Slayton,2759 Livingston Ave,glenna_slayton@cox.net,9016409178,2
100411,Mitzie,Hudnall,17 Jersey Ave,mitzie_hudnall@yahoo.com,3034021940,3
100412,Bernardine,Rodefer,2 W Grand Ave,bernardine_rodefer@yahoo.com,9019014726,1
100413,Staci,Schmaltz,18 Coronado Ave #563,staci_schmaltz@aol.com,6268662339,2
100414,Nichelle,Meteer,72 Beechwood Ter,nichelle_meteer@meteer.com,7732259985,4
100415,Janine,Rhoden,92 Broadway,jrhoden@yahoo.com,7182285894,4
100416,Ettie,Hoopengardner,39 Franklin Ave,ettie.hoopengardner@hotmail.com,5097555393,2
100417,Eden,Jayson,4 Iwaena St,eden_jayson@yahoo.com,4108907866,3
100418,Lynelle,Auber,32820 Corkwood Rd,lynelle_auber@gmail.com,9738608610,3
100419,Merissa,Tomblin,34 Raritan Center Pky,merissa.tomblin@gmail.com,5625796900,1
100420,Golda,Kaniecki,6201 S Nevada Ave,golda_kaniecki@yahoo.com,7326289909,2
100421,Catarina,Gleich,78 Maryland Dr #146,catarina_gleich@hotmail.com,9732103994,1
100422,Virgie,Kiel,76598 Rd  I 95 #1,vkiel@hotmail.com,3037767548,3
100423,Jolene,Ostolaza,1610 14th St Nw,jolene@yahoo.com,7576827116,2
100424,Keneth,Borgman,86350 Roszel Rd,keneth@yahoo.com,6029194211,3
100425,Rikki,Nayar,1644 Clove Rd,rikki@nayar.com,3059689487,2
100426,Elke,Sengbusch,9 W Central Ave,elke_sengbusch@yahoo.com,6028962993,1
100427,Hoa,Sarao,27846 Lafayette Ave,hoa@sarao.org,3865267800,4
100428,Trinidad,Mcrae,10276 Brooks St,trinidad_mcrae@yahoo.com,4153319634,1
100429,Mari,Lueckenbach,1 Century Park E,mari_lueckenbach@yahoo.com,8587939684,3
100430,Selma,Husser,9 State Highway 57 #22,selma.husser@cox.net,2019918369,3
100431,Antione,Onofrio,4 S Washington Ave,aonofrio@onofrio.com,9094307765,1
100432,Luisa,Jurney,25 Se 176th Pl,ljurney@hotmail.com,6173652134,2
100433,Clorinda,Heimann,105 Richmond Valley Rd,clorinda.heimann@hotmail.com,7602915497,4
100434,Dick,Wenzinger,22 Spruce St #595,dick@yahoo.com,3105109713,2
100435,Ahmed,Angalich,2 W Beverly Blvd,ahmed.angalich@angalich.com,7175288996,4
100436,Iluminada,Ohms,72 Southern Blvd,iluminada.ohms@yahoo.com,4802932882,3
100437,Joanna,Leinenbach,1 Washington St,joanna_leinenbach@hotmail.com,5614704574,3
100438,Caprice,Suell,90177 N 55th Ave,caprice@aol.com,6152461824,3
100439,Stephane,Myricks,9 Tower Ave,stephane_myricks@cox.net,8597177638,1
100440,Quentin,Swayze,278 Bayview Ave,quentin_swayze@yahoo.com,7345616170,4
100441,Annmarie,Castros,80312 W 32nd St,annmarie_castros@gmail.com,9367517961,2
100442,Shonda,Greenbush,82 Us Highway 46,shonda_greenbush@cox.net,9734822430,2
100443,Cecil,Lapage,4 Stovall St #72,clapage@lapage.com,2016933967,4
100444,Jeanice,Claucherty,19 Amboy Ave,jeanice.claucherty@yahoo.com,3059884162,3
100445,Josphine,Villanueva,63 Smith Ln #8343,josphine_villanueva@villanueva.com,9315539774,4
100446,Daniel,Perruzza,11360 S Halsted St,dperruzza@perruzza.com,7147713880,1
100447,Cassi,Wildfong,26849 Jefferson Hwy,cassi.wildfong@aol.com,8476333216,4
100448,Britt,Galam,2500 Pringle Rd Se #508,britt@galam.org,2158883304,3
100449,Adell,Lipkin,65 Mountain View Dr,adell.lipkin@lipkin.com,9736541561,1
100450,Jacqueline,Rowling,1 N San Saba,jacqueline.rowling@yahoo.com,8148658113,2
100451,Lonny,Weglarz,51120 State Route 18,lonny_weglarz@gmail.com,8012939853,3
100452,Lonna,Diestel,1482 College Ave,lonna_diestel@gmail.com,9109223672,2
100453,Cristal,Samara,4119 Metropolitan Dr,cristal@cox.net,2139758026,2
100454,Kenneth,Grenet,2167 Sierra Rd,kenneth.grenet@grenet.org,5174992322,2
100455,Elli,Mclaird,6 Sunrise Ave,emclaird@mclaird.com,3158182638,2
100456,Alline,Jeanty,55713 Lake City Hwy,ajeanty@gmail.com,5746562800,2
100457,Sharika,Eanes,75698 N Fiesta Blvd,sharika.eanes@aol.com,4073121691,1
100458,Nu,Mcnease,88 Sw 28th Ter,nu@gmail.com,9737519003,2
100459,Daniela,Comnick,7 Flowers Rd #403,dcomnick@cox.net,6092008577,3
100460,Cecilia,Colaizzo,4 Nw 12th St #3849,cecilia_colaizzo@colaizzo.com,6083824541,3
100461,Leslie,Threets,2 A Kelley Dr,leslie@cox.net,9148619748,3
100462,Nan,Koppinger,88827 Frankford Ave,nan@koppinger.com,3363705333,4
100463,Izetta,Dewar,2 W Scyene Rd #3,idewar@dewar.com,4104731708,3
100464,Tegan,Arceo,62260 Park Stre,tegan.arceo@arceo.org,7327302692,4
100465,Ruthann,Keener,3424 29th St Se,ruthann@hotmail.com,8302582769,1
100466,Joni,Breland,35 E Main St #43,joni_breland@cox.net,8475195906,1
100467,Vi,Rentfro,7163 W Clark Rd,vrentfro@cox.net,7326054781,1
100468,Colette,Kardas,21575 S Apple Creek Rd,colette.kardas@yahoo.com,4028965943,3
100469,Malcolm,Tromblay,747 Leonis Blvd,malcolm_tromblay@cox.net,7032215602,4
100470,Ryan,Harnos,13 Gunnison St,ryan@cox.net,9725581665,3
100471,Jess,Chaffins,18 3rd Ave,jess.chaffins@chaffins.org,2125104633,3
100472,Sharen,Bourbon,62 W Austin St,sbourbon@yahoo.com,5168161541,2
100473,Nickolas,Juvera,177 S Rider Trl #52,nickolas_juvera@cox.net,3525988301,2
100474,Gary,Nunlee,2 W Mount Royal Ave,gary_nunlee@nunlee.org,3175426023,1
100475,Diane,Devreese,1953 Telegraph Rd,diane@cox.net,8165579673,3
100476,Roslyn,Chavous,63517 Dupont St,roslyn.chavous@chavous.org,6012349632,2
100477,Glory,Schieler,5 E Truman Rd,glory@yahoo.com,3258692649,3
100478,Rasheeda,Sayaphon,251 Park Ave #979,rasheeda@aol.com,4088054309,3
100479,Alpha,Palaia,43496 Commercial Dr #29,alpha@yahoo.com,8563122629,4
100480,Refugia,Jacobos,2184 Worth St,refugia.jacobos@jacobos.com,5109748671,2
100481,Shawnda,Yori,50126 N Plankinton Ave,shawnda.yori@yahoo.com,4075385106,4
100482,Mona,Delasancha,38773 Gravois Ave,mdelasancha@hotmail.com,3074031488,1
100483,Gilma,Liukko,16452 Greenwich St,gilma_liukko@gmail.com,5163939967,1
100484,Janey,Gabisi,40 Cambridge Ave,jgabisi@hotmail.com,6089677194,2
100485,Lili,Paskin,20113 4th Ave E,lili.paskin@cox.net,2014312989,2
100486,Loren,Asar,6 Ridgewood Center Dr,loren.asar@aol.com,5706483035,2
100487,Dorothy,Chesterfield,469 Outwater Ln,dorothy@cox.net,8586177834,3
100488,Gail,Similton,62 Monroe St,gail_similton@similton.com,7606165388,3
100489,Catalina,Tillotson,3338 A Lockport Pl #6,catalina@hotmail.com,6093733332,1
100490,Lawrence,Lorens,9 Hwy,lawrence.lorens@hotmail.com,4014656432,3
100491,Carlee,Boulter,8284 Hart St,carlee.boulter@hotmail.com,7853471805,3
100492,Thaddeus,Ankeny,5 Washington St #1,tankeny@ankeny.org,9169203571,1
100493,Jovita,Oles,8 S Haven St,joles@gmail.com,3862484118,3
100494,Alesia,Hixenbaugh,9 Front St,alesia_hixenbaugh@hixenbaugh.org,2026467516,4
100495,Lai,Harabedian,1933 Packer Ave #2,lai@gmail.com,4154233294,3
100496,Brittni,Gillaspie,67 Rv Cent,bgillaspie@gillaspie.com,2087091235,1
100497,Raylene,Kampa,2 Sw Nyberg Rd,rkampa@kampa.org,5744991454,2
100498,Flo,Bookamer,89992 E 15th St,flo.bookamer@cox.net,3087262182,3
100499,Jani,Biddy,61556 W 20th Ave,jbiddy@yahoo.com,2067116498,4
100500,Chauncey,Motley,63 E Aurora Dr,chauncey_motley@aol.com,4074134842,3
100501,Francoise,Rautenstrauch,2335 Canton Hwy #6,francoise.rautenstrauch@rautenstrauch.com,5195698399,1
100502,Kendra,Loud,6 Arch St #9757,kloud@gmail.com,5063631526,3
100503,Lourdes,Bauswell,9547 Belmont Rd #21,lourdes_bauswell@aol.com,6139037043,2
100504,Hannah,Edmison,73 Pittsford Victor Rd,hannah@yahoo.com,6043343686,2
100505,Tom,Loeza,447 Commercial St Se,tom.loeza@gmail.com,5144876096,1
100506,Queenie,Kramarczyk,47 Garfield Ave,queenie.kramarczyk@kramarczyk.org,3064215793,3
100507,Hui,Portaro,3 Mill Rd,hui_portaro@cox.net,5068277755,4
100508,Josefa,Opitz,136 W Grand Ave #3,josefa.opitz@opitz.org,5197887645,2
100509,Lea,Steinhaus,80 Maplewood Dr #34,lsteinhaus@cox.net,9056188258,2
100510,Paola,Vielma,58 Hancock St,paola_vielma@aol.com,9054561117,1
100511,Hortencia,Bresser,808 Calle De Industrias,hbresser@aol.com,9022566791,2
100512,Leanna,Tijerina,2859 Dorsett Rd,leanna@cox.net,4167192114,3
100513,Danilo,Pride,6857 Wall St,danilo_pride@hotmail.com,4032124945,2
100514,Huey,Marcille,169 Journal Sq,huey.marcille@gmail.com,7806393619,1
100515,Apolonia,Warne,3 E 31st St #77,apolonia@gmail.com,5069781488,1
100516,Chandra,Lagos,7 N Dean St,chandra.lagos@lagos.org,4167166446,3
100517,Crissy,Pacholec,85 S State St,crissy@aol.com,7054772307,1
100518,Gianna,Branin,100 Main St,gianna@aol.com,4033377162,1
100519,Valentin,Billa,6185 Bohn St #72,vbilla@yahoo.com,3062915073,1
100520,Ilona,Dudash,2 Sutton Pl S #5727,idudash@dudash.com,8195367034,4
100521,Willard,Lablanc,1534 Sidco Dr,wlablanc@yahoo.com,7803845410,1
100522,Lauryn,Randol,4207 Leon Rd,lauryn@yahoo.com,6042364625,4
100523,Laurena,Begin,7564 N Academy Ave,laurena.begin@begin.com,5197908660,2
100524,Elise,Michelle,88 E Saint Elmo Rd,elise@gmail.com,9056524509,1
100525,Corrie,Kardell,75 Westchester Ave,corrie_kardell@aol.com,5142037817,3
100526,Kimberely,Rabuse,89 W 35th St #1,kimberely.rabuse@cox.net,5199125533,1
100527,Tish,Violett,1 Norris Ave #4095,tish.violett@violett.com,4508407605,3
100528,Hollis,Stanfield,5174 Interstate 45 N,hollis.stanfield@aol.com,7805745620,4
100529,Andree,Christmann,765 Rock Island Rd,andree.christmann@cox.net,5198726826,1
100530,Lyla,Fucillo,7979 33  191,lyla_fucillo@cox.net,9028441174,3
100531,Felton,Yafuso,202 Madison Ave,felton.yafuso@gmail.com,6137491169,2
100532,Dell,Polino,56 Corporate Dr,dell_polino@polino.com,8192551725,3
100533,Nohemi,Leko,37 Us Highway 12e E #6,nohemi@aol.com,7058389265,1
100534,Tambra,Lembke,6734 W Jackson Blvd,tlembke@lembke.org,2503537479,2
100535,Vicki,Maikoksoong,7 Tomahawk Dr,vicki@gmail.com,6042316180,2
100536,Renato,Airhart,1 Vernon Blvd,renato_airhart@hotmail.com,4034442250,1
100537,Lenita,Darbro,2726 Franklin Hill Rd,lenita@yahoo.com,2507494517,1
100538,Barney,Hagen,6335 Fort Myer Dr,barney@yahoo.com,4505265424,1
100539,Matthew,Armacost,220 Old Us Highway 441,matthew_armacost@gmail.com,7054177221,3
100540,Belen,Nelton,77 Central Pky N,bnelton@gmail.com,2507685812,1
100541,Iesha,Wardle,781 Alabama Ave,iesha@gmail.com,4169892001,4
100542,Francesco,Sarchet,22 Dearborn St,francesco@hotmail.com,3065244509,1
100543,Paulene,Rhule,21 E 64th Ave,paulene_rhule@rhule.org,4183482107,4
100544,Carole,Hughlett,9 N Central Ave,carole_hughlett@hughlett.com,6042628556,3
100545,Miss,Dunning,38 Douglas Rd E #39,mdunning@gmail.com,3065088874,4
100546,Elfrieda,Hinsch,4929 Sidney St #8276,elfrieda_hinsch@hinsch.org,2504549384,2
100547,Edelmira,Calzado,4936 Walcott Rd,edelmira@hotmail.com,3066117185,1
100548,Jaime,Wasurick,6760 E Fayette St #9,jaime_wasurick@hotmail.com,4505318633,2
100549,Lera,Hua,6638 S Webster St #491,lhua@aol.com,5065564300,4
100550,Jame,Mastro,4465 James St,jmastro@aol.com,5199207003,1
100551,Jillian,Hailstone,8721 Everett Rd,jhailstone@yahoo.com,9058642257,4
100552,Louis,Zarling,6 E Kingsbridge Rd,louis@zarling.com,4185683216,4
100553,Emmett,Mcshaw,920 Union Blvd,emmett_mcshaw@cox.net,7055811220,4
100554,Tammy,Sams,5 Secaucus Rd,tammy_sams@sams.com,2502261002,1
100555,Willis,Wylie,646 9th St,willis@yahoo.com,4188331949,2
100556,Maxima,Brzozowski,864 Aupuni St,mbrzozowski@aol.com,9055696732,3
100557,Boris,Latif,9390 Fortin Dr,boris.latif@latif.com,4184594884,2
100558,Salina,Knavel,4 Newark St,salina.knavel@gmail.com,6132807170,1
100559,Justa,Dini,8 J St,justa.dini@hotmail.com,2509829377,1
100560,Amalia,Wolfgang,394 Dice Rd #861,amalia_wolfgang@wolfgang.org,5192193608,4
100561,Felix,Tutterrow,92 W 39th St #9990,ftutterrow@tutterrow.org,5194267161,1
100562,Eura,Mcglocklin,9 N Monroe St,eura@mcglocklin.org,3069792571,3
100563,Lang,Heuring,2 Global Rd,lang@cox.net,5199857311,2
100564,Agustin,Lakatos,23 E Wacker Dr #64,agustin.lakatos@hotmail.com,8193655394,1
100565,Jaime,Lowrance,1 Nw 167th St,jaime.lowrance@lowrance.org,2044386204,2
100566,Carman,Gudiel,1 Frontage Rd,carman@gmail.com,7093668943,1
100567,Argelia,Hofbauer,5 Columbia,argelia.hofbauer@cox.net,6048232881,4
100568,Mammie,Cisney,14 E 30th St,mammie@cox.net,5142054258,3
100569,Rashad,Menino,8 Commercial Ave,rashad.menino@menino.com,6136972555,4
100570,Janna,Bastain,41 Drive  Hwy 54s S,janna@bastain.com,6045757837,4
100571,Callie,Neikirk,6601 Park Ave #9924,callie.neikirk@neikirk.org,9054656909,3
100572,Coral,Helmcamp,4184 E 142nd St,coral.helmcamp@helmcamp.org,4165896075,1
100573,Xenia,Mushero,1 El Camino Ave #39,xenia@aol.com,6137141829,2
100574,Adelle,Nitcher,10 Midway Dr,anitcher@aol.com,9059983758,1
100575,Hildegarde,Wehrwein,2 Cottman Ave,hwehrwein@gmail.com,6049607463,3
100576,Phuong,Sugai,8926 E 119th St #9,psugai@gmail.com,4505014406,2
100577,Leontine,Lafoy,191 Richland St #5,llafoy@aol.com,4182718667,2
100578,Darell,Mcalarney,8 E 92nd St,darell_mcalarney@mcalarney.com,9058467737,2
100579,Madonna,Landman,283 Andover St,madonna.landman@landman.com,2503077698,3
100580,Chuck,Berggren,764 Louisville Plac,chuck@gmail.com,7095346576,4
100581,Gregg,Epperheimer,59 W Jackson Blvd #11,gepperheimer@aol.com,5143024158,4
100582,Yan,Bubrig,712 N 5th St,yan@cox.net,5064934894,3
100583,Stephanie,Garlett,6 L St #1761,stephanie.garlett@gmail.com,6135577338,2
100584,Alberto,Stenquist,6126 E 14th St #6,alberto_stenquist@stenquist.org,9054359456,1
100585,Wayne,Shivers,865 Ponce De Leon Blvd,wayne@aol.com,4183741965,3
100586,Kristal,Bothe,896 Pershing Ave,kristal@hotmail.com,7099765766,3
100587,Florencia,Stadel,178 Riverdale Rd,fstadel@gmail.com,5199617871,2
100588,Darrin,Tumolillo,4 Pedretti Ave #2,darrin@tumolillo.com,3067485721,2
100589,Freeman,Rudig,4 W Sedgley Ave,freeman@yahoo.com,4503476388,3
100590,Lazaro,Mollison,31 E Middlefield Rd #8555,lazaro@gmail.com,4503566427,4
100591,Ellsworth,Rieg,7662 Us Highway 46 #9003,erieg@hotmail.com,6138624724,2
100592,Brinda,Mrkvicka,1 Park Ave,brinda.mrkvicka@gmail.com,5063928334,2
100593,Florinda,Mackedanz,2782 Midland Ave,florinda_mackedanz@mackedanz.org,5062308075,4
100594,Nadine,Swartzbeck,3 Federal Blvd,nadine_swartzbeck@swartzbeck.org,4503532331,2
100595,Arlette,Torchio,485 Rolling Rd,arlette_torchio@hotmail.com,5144596883,1
100596,Adolph,Krivanec,6605 Federal St,akrivanec@hotmail.com,4167361436,1
100597,Georgiana,Colbath,505 E 9mile Rd,gcolbath@hotmail.com,4504091254,4
100598,Rana,Lehn,32 Rocklyn Ave,rlehn@yahoo.com,9052868285,1
100599,Chi,Morgan,2953 5th Ave #27,chi@gmail.com,4189225578,3
100600,Starr,Prothro,133 Us Highway 206,sprothro@prothro.com,4188113750,2
100601,Glennis,Roseum,1 Pershing Ave,glennis.roseum@gmail.com,2045149319,1
100602,Thea,Petermeier,402 Santa Isabel Ave,thea@hotmail.com,4183606739,3
100603,Rosalind,Persechino,86 Shady Run Rd,rosalind.persechino@aol.com,6139755760,4
100604,Shenika,Tapian,4 Collier Rd Nw,shenika.tapian@aol.com,6132191869,1
100605,Veta,Vandeberg,940 E Jefferson Ave,vvandeberg@gmail.com,5069961241,3
100606,Herschel,Geneseo,7753 W 8th,herschel@geneseo.com,4167867887,1
100607,Dianne,Tomasic,53 6  17 M At Bradleys,dianne@yahoo.com,9029386891,4
100608,Micah,Gerten,103 Madison Ave,micah@cox.net,7095815842,4
100609,Kaycee,Alaibilla,8788 E 64th Ave,kaycee.alaibilla@yahoo.com,6049926045,2
100610,Tesha,Brang,831 Vanowen St #5,tesha@aol.com,5144325290,1
100611,Marya,Chhour,661 Pitkin Ave,marya@cox.net,4033824146,4
100612,Ronnie,Kettelle,3 Avenue Rt 295 #199,ronnie_kettelle@aol.com,9023677042,1
100613,Mabel,Fower,709 W Waters Ave,mabel_fower@fower.com,4183397473,2
100614,Harley,Works,27 Spring St,harley@cox.net,5199137772,3
100615,Joye,Nedman,9 Court St,joye@cox.net,3069913698,2
100616,Luisa,Harnish,82 Westminster Blvd,lharnish@harnish.com,6043991449,4
100617,Stacey,Lortz,5039 Coffee Rd,stacey_lortz@aol.com,4163101610,2
100618,Reyes,Mesmer,9 E Thayer Ave #3,reyes@mesmer.org,9054029203,1
100619,Avery,Demus,1 Highland Ave,avery.demus@aol.com,6045484412,3
100620,Colby,Scotts,7 E 1st St,cscotts@aol.com,7056685094,4
100621,Afton,Wrinkle,652 5th Ave,awrinkle@wrinkle.org,6138517883,4
100622,India,Sifford,162 Sunrise Plz,isifford@sifford.org,4168666707,1
100623,Brunilda,Coin,300 Congers Rd #77,brunilda_coin@aol.com,5063277460,4
100624,Jenifer,Emanuel,78 152nd Ave #4179,jemanuel@emanuel.com,2509472063,2
100625,Makeda,Nosis,956 Sierra Ave,makeda.nosis@yahoo.com,4168274082,3
100626,Vivan,Oppy,4696 Alewa Dr,voppy@gmail.com,3063253090,3
100627,Eric,Gazzola,732 Congress St,eric@cox.net,4182747373,1
100628,Thersa,Davirro,863 E Mcdowell Rd,thersa.davirro@aol.com,2505405275,1
100629,Mindy,Presnal,82 Us Highway 111,mpresnal@yahoo.com,6042138721,1
100630,Luis,Metzner,8868 S Arroyo Pkwy #996,lmetzner@metzner.org,8198608913,2
100631,Dawne,Mcloud,25 Keystone Xing,dmcloud@cox.net,9057609649,2
100632,Karrie,Kinikini,491 Main St #893,karrie_kinikini@kinikini.org,2503847658,3
100633,Mozelle,Hermon,523 Spencerville Ct,mozelle_hermon@cox.net,5065733112,1
100634,Mila,Hair,515 S Main St,mhair@cox.net,5149452978,1
100635,Gilma,Jefferys,147 E Centre St,gjefferys@aol.com,9028048543,2
100636,Armanda,Mcduffie,989 Wyatt Dr #7,armanda.mcduffie@hotmail.com,4508667181,4
100637,Vonda,Normandeau,9891 Main St,vonda@yahoo.com,4507063809,4
100638,Truman,Mondale,1657 N Green St,truman.mondale@aol.com,7057577389,4
100639,Elvis,Tenuta,6437 Date Palm Dr,elvis_tenuta@tenuta.org,4034151285,2
100640,Loise,Dedaj,1062 Rd,loise@aol.com,3069649291,1
100641,Jannette,Pedder,73 Madison Ave,jpedder@pedder.com,6049535335,1
100642,Margo,Rand,344 Lyndon St,margo@rand.org,9057813868,2
100643,Dahlia,Benett,3986 Home Life,dahlia_benett@aol.com,4183449993,1
100644,Dominga,Mckeon,68 Dd N #1,dominga_mckeon@yahoo.com,8196271581,4
100645,Hollis,Keomuangtai,27 7th St,hollis.keomuangtai@cox.net,9059285294,3
100646,Carry,Ziller,8 Maynesboro St,carry@cox.net,5198478783,1
100647,Bong,Fears,7 State St #1,bfears@fears.org,5143081992,2
100648,Yolande,Staiano,21 N 14th St,yolande_staiano@gmail.com,6137007712,2
100649,Lottie,Hegdahl,45 W 21st St,lottie_hegdahl@aol.com,9056381034,3
100650,Jose,Kylish,93 Law Dr,jose.kylish@aol.com,5142113774,1
100651,Tuyet,Abramovitz,976 Cozycroft Ave,tuyet.abramovitz@abramovitz.com,9057907938,4
100652,Pearline,Provenzano,611 S 2nd St,pearline.provenzano@provenzano.org,9057349102,4
100653,Robt,Hankison,3780 Ronson Rd,robt_hankison@cox.net,4188748104,3
100654,Shawnee,Kesten,5 W Irving Park Rd,shawnee@yahoo.com,9022081038,3
100655,Lacresha,Quinones,48 Bernardo Cent,lacresha@hotmail.com,4502131080,2
100656,Basilia,Vinroe,45 S Wells Ave,basilia.vinroe@gmail.com,4183866120,4
100657,Aleisha,Areizaga,960 Deming Way,aareizaga@hotmail.com,4184081640,3
100658,Frank,Tryninewski,462 2nd St,ftryninewski@gmail.com,3066531772,3
100659,Ria,Steinhorst,269 Commercial Dr,ria.steinhorst@steinhorst.com,4183191374,2
100660,Carla,Kallenberger,8 Commercial Blvd #9,carla@aol.com,5196467797,2
100661,Lashanda,Skahan,739 Stockton Ave,lashanda.skahan@aol.com,5064972698,2
100662,Jarod,Catalina,60 Sunrise Ave,jcatalina@aol.com,7053692146,1
100663,Leoma,Rabago,575 Washington St,leoma.rabago@hotmail.com,2508107815,3
100664,Yasuko,Greeves,4634 Anania Dr,ygreeves@cox.net,2508916910,1
100665,Jimmie,Snelling,24 Sw Bridgeport Rd,jimmie.snelling@gmail.com,9057721416,2
100666,Titus,Dugre,419 N Dixboro Rd #8,titus.dugre@dugre.org,8199831846,4
100667,Joanne,Teoh,1 W Sierra Madre Blvd #9985,joanne@yahoo.com,9052196895,3
100668,Suzi,Groom,9 W Jackson Blvd,suzi.groom@groom.org,6047002946,1
100669,Denny,Amazan,4974 Rockburn Hill Rd #3,denny@amazan.com,6042394105,1
100670,Willie,Coughlan,8545 S Westshore Blvd,willie@aol.com,8198696389,1
100671,Antonio,Unruh,1251 E Main St #990,antonio.unruh@hotmail.com,6046247690,4
